id,chunk,token_id,source_csv
1,mega01,1,tokens_SLM_mega01 (1).csv
2,mega01,2,tokens_SLM_mega01 (1).csv
3,mega01,3,tokens_SLM_mega01 (1).csv
4,mega01,4,tokens_SLM_mega01 (1).csv
5,mega01,5,tokens_SLM_mega01 (1).csv
6,mega01,6,tokens_SLM_mega01 (1).csv
7,mega01,7,tokens_SLM_mega01 (1).csv
8,mega01,8,tokens_SLM_mega01 (1).csv
9,mega01,9,tokens_SLM_mega01 (1).csv
10,mega01,10,tokens_SLM_mega01 (1).csv
11,mega01,11,tokens_SLM_mega01 (1).csv
12,mega01,12,tokens_SLM_mega01 (1).csv
13,mega01,13,tokens_SLM_mega01 (1).csv
14,mega01,14,tokens_SLM_mega01 (1).csv
15,mega01,15,tokens_SLM_mega01 (1).csv
16,mega01,16,tokens_SLM_mega01 (1).csv
17,mega01,17,tokens_SLM_mega01 (1).csv
18,mega01,18,tokens_SLM_mega01 (1).csv
19,mega01,19,tokens_SLM_mega01 (1).csv
20,mega01,20,tokens_SLM_mega01 (1).csv
21,mega01,21,tokens_SLM_mega01 (1).csv
22,mega01,22,tokens_SLM_mega01 (1).csv
23,mega01,23,tokens_SLM_mega01 (1).csv
24,mega01,24,tokens_SLM_mega01 (1).csv
25,mega01,25,tokens_SLM_mega01 (1).csv
26,mega01,26,tokens_SLM_mega01 (1).csv
27,mega01,27,tokens_SLM_mega01 (1).csv
28,mega01,28,tokens_SLM_mega01 (1).csv
29,mega01,29,tokens_SLM_mega01 (1).csv
30,mega01,30,tokens_SLM_mega01 (1).csv
31,mega01,31,tokens_SLM_mega01 (1).csv
32,mega01,32,tokens_SLM_mega01 (1).csv
33,mega01,33,tokens_SLM_mega01 (1).csv
34,mega01,34,tokens_SLM_mega01 (1).csv
35,mega01,35,tokens_SLM_mega01 (1).csv
36,mega01,36,tokens_SLM_mega01 (1).csv
37,mega01,37,tokens_SLM_mega01 (1).csv
38,mega01,38,tokens_SLM_mega01 (1).csv
39,mega01,39,tokens_SLM_mega01 (1).csv
40,mega01,40,tokens_SLM_mega01 (1).csv
41,mega01,41,tokens_SLM_mega01 (1).csv
42,mega01,42,tokens_SLM_mega01 (1).csv
43,mega01,43,tokens_SLM_mega01 (1).csv
44,mega01,44,tokens_SLM_mega01 (1).csv
45,mega01,45,tokens_SLM_mega01 (1).csv
46,mega01,46,tokens_SLM_mega01 (1).csv
47,mega01,47,tokens_SLM_mega01 (1).csv
48,mega01,48,tokens_SLM_mega01 (1).csv
49,mega01,49,tokens_SLM_mega01 (1).csv
50,mega01,50,tokens_SLM_mega01 (1).csv
51,mega01,51,tokens_SLM_mega01 (1).csv
52,mega01,52,tokens_SLM_mega01 (1).csv
53,mega02,1,tokens_SLM_mega02 (1).csv
54,mega02,2,tokens_SLM_mega02 (1).csv
55,mega02,3,tokens_SLM_mega02 (1).csv
56,mega02,4,tokens_SLM_mega02 (1).csv
57,mega02,5,tokens_SLM_mega02 (1).csv
58,mega02,6,tokens_SLM_mega02 (1).csv
59,mega02,7,tokens_SLM_mega02 (1).csv
60,mega02,8,tokens_SLM_mega02 (1).csv
61,mega02,9,tokens_SLM_mega02 (1).csv
62,mega02,10,tokens_SLM_mega02 (1).csv
63,mega02,11,tokens_SLM_mega02 (1).csv
64,mega02,12,tokens_SLM_mega02 (1).csv
65,mega02,13,tokens_SLM_mega02 (1).csv
66,mega02,14,tokens_SLM_mega02 (1).csv
67,mega02,15,tokens_SLM_mega02 (1).csv
68,mega02,16,tokens_SLM_mega02 (1).csv
69,mega02,17,tokens_SLM_mega02 (1).csv
70,mega02,18,tokens_SLM_mega02 (1).csv
71,mega02,19,tokens_SLM_mega02 (1).csv
72,mega02,20,tokens_SLM_mega02 (1).csv
73,mega02,21,tokens_SLM_mega02 (1).csv
74,mega02,22,tokens_SLM_mega02 (1).csv
75,mega02,23,tokens_SLM_mega02 (1).csv
76,mega02,24,tokens_SLM_mega02 (1).csv
77,mega02,25,tokens_SLM_mega02 (1).csv
78,mega02,26,tokens_SLM_mega02 (1).csv
79,mega02,27,tokens_SLM_mega02 (1).csv
80,mega02,28,tokens_SLM_mega02 (1).csv
81,mega02,29,tokens_SLM_mega02 (1).csv
82,mega02,30,tokens_SLM_mega02 (1).csv
83,mega02,31,tokens_SLM_mega02 (1).csv
84,mega02,32,tokens_SLM_mega02 (1).csv
85,mega02,33,tokens_SLM_mega02 (1).csv
86,mega02,34,tokens_SLM_mega02 (1).csv
87,mega02,35,tokens_SLM_mega02 (1).csv
88,mega02,36,tokens_SLM_mega02 (1).csv
89,mega02,37,tokens_SLM_mega02 (1).csv
90,mega02,38,tokens_SLM_mega02 (1).csv
91,mega02,39,tokens_SLM_mega02 (1).csv
92,mega02,40,tokens_SLM_mega02 (1).csv
93,mega02,41,tokens_SLM_mega02 (1).csv
94,mega02,42,tokens_SLM_mega02 (1).csv
95,mega02,43,tokens_SLM_mega02 (1).csv
96,mega02,44,tokens_SLM_mega02 (1).csv
97,mega02,45,tokens_SLM_mega02 (1).csv
98,mega02,46,tokens_SLM_mega02 (1).csv
99,mega02,47,tokens_SLM_mega02 (1).csv
100,mega02,48,tokens_SLM_mega02 (1).csv
101,mega02,49,tokens_SLM_mega02 (1).csv
102,mega02,50,tokens_SLM_mega02 (1).csv
103,mega03,1,tokens_SLM_mega03 (1).csv
104,mega03,2,tokens_SLM_mega03 (1).csv
105,mega03,3,tokens_SLM_mega03 (1).csv
106,mega03,4,tokens_SLM_mega03 (1).csv
107,mega03,5,tokens_SLM_mega03 (1).csv
108,mega03,6,tokens_SLM_mega03 (1).csv
109,mega03,7,tokens_SLM_mega03 (1).csv
110,mega03,8,tokens_SLM_mega03 (1).csv
111,mega03,9,tokens_SLM_mega03 (1).csv
112,mega03,10,tokens_SLM_mega03 (1).csv
113,mega03,11,tokens_SLM_mega03 (1).csv
114,mega03,12,tokens_SLM_mega03 (1).csv
115,mega03,13,tokens_SLM_mega03 (1).csv
116,mega03,14,tokens_SLM_mega03 (1).csv
117,mega03,15,tokens_SLM_mega03 (1).csv
118,mega03,16,tokens_SLM_mega03 (1).csv
119,mega03,17,tokens_SLM_mega03 (1).csv
120,mega03,18,tokens_SLM_mega03 (1).csv
121,mega03,19,tokens_SLM_mega03 (1).csv
122,mega03,20,tokens_SLM_mega03 (1).csv
123,mega03,21,tokens_SLM_mega03 (1).csv
124,mega03,22,tokens_SLM_mega03 (1).csv
125,mega03,23,tokens_SLM_mega03 (1).csv
126,mega03,24,tokens_SLM_mega03 (1).csv
127,mega03,25,tokens_SLM_mega03 (1).csv
128,mega03,26,tokens_SLM_mega03 (1).csv
129,mega03,27,tokens_SLM_mega03 (1).csv
130,mega03,28,tokens_SLM_mega03 (1).csv
131,mega03,29,tokens_SLM_mega03 (1).csv
132,mega03,30,tokens_SLM_mega03 (1).csv
133,mega03,31,tokens_SLM_mega03 (1).csv
134,mega03,32,tokens_SLM_mega03 (1).csv
135,mega03,33,tokens_SLM_mega03 (1).csv
136,mega03,34,tokens_SLM_mega03 (1).csv
137,mega03,35,tokens_SLM_mega03 (1).csv
138,mega03,36,tokens_SLM_mega03 (1).csv
139,mega03,37,tokens_SLM_mega03 (1).csv
140,mega03,38,tokens_SLM_mega03 (1).csv
141,mega03,39,tokens_SLM_mega03 (1).csv
142,mega03,40,tokens_SLM_mega03 (1).csv
143,mega03,41,tokens_SLM_mega03 (1).csv
144,mega03,42,tokens_SLM_mega03 (1).csv
145,mega03,43,tokens_SLM_mega03 (1).csv
146,mega03,44,tokens_SLM_mega03 (1).csv
147,mega03,45,tokens_SLM_mega03 (1).csv
148,mega03,46,tokens_SLM_mega03 (1).csv
149,mega04,1,tokens_SLM_mega04 (1).csv
150,mega04,2,tokens_SLM_mega04 (1).csv
151,mega04,3,tokens_SLM_mega04 (1).csv
152,mega04,4,tokens_SLM_mega04 (1).csv
153,mega04,5,tokens_SLM_mega04 (1).csv
154,mega04,6,tokens_SLM_mega04 (1).csv
155,mega04,7,tokens_SLM_mega04 (1).csv
156,mega04,8,tokens_SLM_mega04 (1).csv
157,mega04,9,tokens_SLM_mega04 (1).csv
158,mega04,10,tokens_SLM_mega04 (1).csv
159,mega04,11,tokens_SLM_mega04 (1).csv
160,mega04,12,tokens_SLM_mega04 (1).csv
161,mega04,13,tokens_SLM_mega04 (1).csv
162,mega04,14,tokens_SLM_mega04 (1).csv
163,mega04,15,tokens_SLM_mega04 (1).csv
164,mega04,16,tokens_SLM_mega04 (1).csv
165,mega04,17,tokens_SLM_mega04 (1).csv
166,mega04,18,tokens_SLM_mega04 (1).csv
167,mega04,19,tokens_SLM_mega04 (1).csv
168,mega04,20,tokens_SLM_mega04 (1).csv
169,mega04,21,tokens_SLM_mega04 (1).csv
170,mega04,22,tokens_SLM_mega04 (1).csv
171,mega04,23,tokens_SLM_mega04 (1).csv
172,mega04,24,tokens_SLM_mega04 (1).csv
173,mega04,25,tokens_SLM_mega04 (1).csv
174,mega04,26,tokens_SLM_mega04 (1).csv
175,mega04,27,tokens_SLM_mega04 (1).csv
176,mega04,28,tokens_SLM_mega04 (1).csv
177,mega04,29,tokens_SLM_mega04 (1).csv
178,mega04,30,tokens_SLM_mega04 (1).csv
179,mega04,31,tokens_SLM_mega04 (1).csv
180,mega04,32,tokens_SLM_mega04 (1).csv
181,mega04,33,tokens_SLM_mega04 (1).csv
182,mega04,34,tokens_SLM_mega04 (1).csv
183,mega04,35,tokens_SLM_mega04 (1).csv
184,mega04,36,tokens_SLM_mega04 (1).csv
185,mega04,37,tokens_SLM_mega04 (1).csv
186,mega04,38,tokens_SLM_mega04 (1).csv
187,mega04,39,tokens_SLM_mega04 (1).csv
188,mega04,40,tokens_SLM_mega04 (1).csv
189,mega04,41,tokens_SLM_mega04 (1).csv
190,mega04,42,tokens_SLM_mega04 (1).csv
191,mega04,43,tokens_SLM_mega04 (1).csv
192,mega04,44,tokens_SLM_mega04 (1).csv
193,mega04,45,tokens_SLM_mega04 (1).csv
194,mega04,46,tokens_SLM_mega04 (1).csv
195,mega04,47,tokens_SLM_mega04 (1).csv
196,mega05,1,tokens_SLM_mega05 (1).csv
197,mega05,2,tokens_SLM_mega05 (1).csv
198,mega05,3,tokens_SLM_mega05 (1).csv
199,mega05,4,tokens_SLM_mega05 (1).csv
200,mega05,5,tokens_SLM_mega05 (1).csv
201,mega05,6,tokens_SLM_mega05 (1).csv
202,mega05,7,tokens_SLM_mega05 (1).csv
203,mega05,8,tokens_SLM_mega05 (1).csv
204,mega05,9,tokens_SLM_mega05 (1).csv
205,mega05,10,tokens_SLM_mega05 (1).csv
206,mega05,11,tokens_SLM_mega05 (1).csv
207,mega05,12,tokens_SLM_mega05 (1).csv
208,mega05,13,tokens_SLM_mega05 (1).csv
209,mega05,14,tokens_SLM_mega05 (1).csv
210,mega05,15,tokens_SLM_mega05 (1).csv
211,mega05,16,tokens_SLM_mega05 (1).csv
212,mega05,17,tokens_SLM_mega05 (1).csv
213,mega05,18,tokens_SLM_mega05 (1).csv
214,mega05,19,tokens_SLM_mega05 (1).csv
215,mega05,20,tokens_SLM_mega05 (1).csv
216,mega05,21,tokens_SLM_mega05 (1).csv
217,mega05,22,tokens_SLM_mega05 (1).csv
218,mega05,23,tokens_SLM_mega05 (1).csv
219,mega05,24,tokens_SLM_mega05 (1).csv
220,mega05,25,tokens_SLM_mega05 (1).csv
221,mega05,26,tokens_SLM_mega05 (1).csv
222,mega05,27,tokens_SLM_mega05 (1).csv
223,mega05,28,tokens_SLM_mega05 (1).csv
224,mega05,29,tokens_SLM_mega05 (1).csv
225,mega05,30,tokens_SLM_mega05 (1).csv
226,mega05,31,tokens_SLM_mega05 (1).csv
227,mega05,32,tokens_SLM_mega05 (1).csv
228,mega05,33,tokens_SLM_mega05 (1).csv
229,mega05,34,tokens_SLM_mega05 (1).csv
230,mega05,35,tokens_SLM_mega05 (1).csv
231,mega05,36,tokens_SLM_mega05 (1).csv
232,mega05,37,tokens_SLM_mega05 (1).csv
233,mega05,38,tokens_SLM_mega05 (1).csv
234,mega05,39,tokens_SLM_mega05 (1).csv
235,mega05,40,tokens_SLM_mega05 (1).csv
236,mega05,41,tokens_SLM_mega05 (1).csv
237,mega05,42,tokens_SLM_mega05 (1).csv
238,mega05,43,tokens_SLM_mega05 (1).csv
239,mega05,44,tokens_SLM_mega05 (1).csv
240,mega05,45,tokens_SLM_mega05 (1).csv
241,mega05,46,tokens_SLM_mega05 (1).csv
242,mega05,47,tokens_SLM_mega05 (1).csv
243,mega05,48,tokens_SLM_mega05 (1).csv
244,mega05,49,tokens_SLM_mega05 (1).csv
245,mega05,50,tokens_SLM_mega05 (1).csv
246,mega05,51,tokens_SLM_mega05 (1).csv
247,mega05,52,tokens_SLM_mega05 (1).csv
248,mega05,53,tokens_SLM_mega05 (1).csv
249,mega05,54,tokens_SLM_mega05 (1).csv
250,mega05,55,tokens_SLM_mega05 (1).csv
251,mega05,56,tokens_SLM_mega05 (1).csv
252,mega05,57,tokens_SLM_mega05 (1).csv
253,mega05,58,tokens_SLM_mega05 (1).csv
254,mega06,1,tokens_SLM_mega06 (1).csv
255,mega06,2,tokens_SLM_mega06 (1).csv
256,mega06,3,tokens_SLM_mega06 (1).csv
257,mega06,4,tokens_SLM_mega06 (1).csv
258,mega06,5,tokens_SLM_mega06 (1).csv
259,mega06,6,tokens_SLM_mega06 (1).csv
260,mega06,7,tokens_SLM_mega06 (1).csv
261,mega06,8,tokens_SLM_mega06 (1).csv
262,mega06,9,tokens_SLM_mega06 (1).csv
263,mega06,10,tokens_SLM_mega06 (1).csv
264,mega06,11,tokens_SLM_mega06 (1).csv
265,mega06,12,tokens_SLM_mega06 (1).csv
266,mega06,13,tokens_SLM_mega06 (1).csv
267,mega06,14,tokens_SLM_mega06 (1).csv
268,mega06,15,tokens_SLM_mega06 (1).csv
269,mega06,16,tokens_SLM_mega06 (1).csv
270,mega06,17,tokens_SLM_mega06 (1).csv
271,mega06,18,tokens_SLM_mega06 (1).csv
272,mega06,19,tokens_SLM_mega06 (1).csv
273,mega06,20,tokens_SLM_mega06 (1).csv
274,mega06,21,tokens_SLM_mega06 (1).csv
275,mega06,22,tokens_SLM_mega06 (1).csv
276,mega06,23,tokens_SLM_mega06 (1).csv
277,mega06,24,tokens_SLM_mega06 (1).csv
278,mega06,25,tokens_SLM_mega06 (1).csv
279,mega06,26,tokens_SLM_mega06 (1).csv
280,mega06,27,tokens_SLM_mega06 (1).csv
281,mega06,28,tokens_SLM_mega06 (1).csv
282,mega06,29,tokens_SLM_mega06 (1).csv
283,mega06,30,tokens_SLM_mega06 (1).csv
284,mega06,31,tokens_SLM_mega06 (1).csv
285,mega06,32,tokens_SLM_mega06 (1).csv
286,mega06,33,tokens_SLM_mega06 (1).csv
287,mega06,34,tokens_SLM_mega06 (1).csv
288,mega06,35,tokens_SLM_mega06 (1).csv
289,mega06,36,tokens_SLM_mega06 (1).csv
290,mega06,37,tokens_SLM_mega06 (1).csv
291,mega06,38,tokens_SLM_mega06 (1).csv
292,mega06,39,tokens_SLM_mega06 (1).csv
293,mega06,40,tokens_SLM_mega06 (1).csv
294,mega06,41,tokens_SLM_mega06 (1).csv
295,mega06,42,tokens_SLM_mega06 (1).csv
296,mega06,43,tokens_SLM_mega06 (1).csv
297,mega06,44,tokens_SLM_mega06 (1).csv
298,mega06,45,tokens_SLM_mega06 (1).csv
299,mega06,46,tokens_SLM_mega06 (1).csv
300,mega06,47,tokens_SLM_mega06 (1).csv
301,mega06,48,tokens_SLM_mega06 (1).csv
302,mega06,49,tokens_SLM_mega06 (1).csv
303,mega06,50,tokens_SLM_mega06 (1).csv
304,mega06,51,tokens_SLM_mega06 (1).csv
305,mega06,52,tokens_SLM_mega06 (1).csv
306,mega06,53,tokens_SLM_mega06 (1).csv
307,mega06,54,tokens_SLM_mega06 (1).csv
308,mega06,55,tokens_SLM_mega06 (1).csv
309,mega06,56,tokens_SLM_mega06 (1).csv
310,mega06,57,tokens_SLM_mega06 (1).csv
311,mega06,58,tokens_SLM_mega06 (1).csv
312,mega07,1,tokens_SLM_mega07 (1).csv
313,mega07,2,tokens_SLM_mega07 (1).csv
314,mega07,3,tokens_SLM_mega07 (1).csv
315,mega07,4,tokens_SLM_mega07 (1).csv
316,mega07,5,tokens_SLM_mega07 (1).csv
317,mega07,6,tokens_SLM_mega07 (1).csv
318,mega07,7,tokens_SLM_mega07 (1).csv
319,mega07,8,tokens_SLM_mega07 (1).csv
320,mega07,9,tokens_SLM_mega07 (1).csv
321,mega07,10,tokens_SLM_mega07 (1).csv
322,mega07,11,tokens_SLM_mega07 (1).csv
323,mega07,12,tokens_SLM_mega07 (1).csv
324,mega07,13,tokens_SLM_mega07 (1).csv
325,mega07,14,tokens_SLM_mega07 (1).csv
326,mega07,15,tokens_SLM_mega07 (1).csv
327,mega07,16,tokens_SLM_mega07 (1).csv
328,mega07,17,tokens_SLM_mega07 (1).csv
329,mega07,18,tokens_SLM_mega07 (1).csv
330,mega07,19,tokens_SLM_mega07 (1).csv
331,mega07,20,tokens_SLM_mega07 (1).csv
332,mega07,21,tokens_SLM_mega07 (1).csv
333,mega07,22,tokens_SLM_mega07 (1).csv
334,mega07,23,tokens_SLM_mega07 (1).csv
335,mega07,24,tokens_SLM_mega07 (1).csv
336,mega07,25,tokens_SLM_mega07 (1).csv
337,mega07,26,tokens_SLM_mega07 (1).csv
338,mega07,27,tokens_SLM_mega07 (1).csv
339,mega07,28,tokens_SLM_mega07 (1).csv
340,mega07,29,tokens_SLM_mega07 (1).csv
341,mega07,30,tokens_SLM_mega07 (1).csv
342,mega07,31,tokens_SLM_mega07 (1).csv
343,mega07,32,tokens_SLM_mega07 (1).csv
344,mega07,33,tokens_SLM_mega07 (1).csv
345,mega07,34,tokens_SLM_mega07 (1).csv
346,mega07,35,tokens_SLM_mega07 (1).csv
347,mega07,36,tokens_SLM_mega07 (1).csv
348,mega07,37,tokens_SLM_mega07 (1).csv
349,mega07,38,tokens_SLM_mega07 (1).csv
350,mega07,39,tokens_SLM_mega07 (1).csv
351,mega08,1,tokens_SLM_mega08 (1).csv
352,mega08,2,tokens_SLM_mega08 (1).csv
353,mega08,3,tokens_SLM_mega08 (1).csv
354,mega08,4,tokens_SLM_mega08 (1).csv
355,mega08,5,tokens_SLM_mega08 (1).csv
356,mega08,6,tokens_SLM_mega08 (1).csv
357,mega08,7,tokens_SLM_mega08 (1).csv
358,mega08,8,tokens_SLM_mega08 (1).csv
359,mega08,9,tokens_SLM_mega08 (1).csv
360,mega08,10,tokens_SLM_mega08 (1).csv
361,mega08,11,tokens_SLM_mega08 (1).csv
362,mega08,12,tokens_SLM_mega08 (1).csv
363,mega08,13,tokens_SLM_mega08 (1).csv
364,mega08,14,tokens_SLM_mega08 (1).csv
365,mega08,15,tokens_SLM_mega08 (1).csv
366,mega08,16,tokens_SLM_mega08 (1).csv
367,mega08,17,tokens_SLM_mega08 (1).csv
368,mega08,18,tokens_SLM_mega08 (1).csv
369,mega08,19,tokens_SLM_mega08 (1).csv
370,mega08,20,tokens_SLM_mega08 (1).csv
371,mega08,21,tokens_SLM_mega08 (1).csv
372,mega08,22,tokens_SLM_mega08 (1).csv
373,mega08,23,tokens_SLM_mega08 (1).csv
374,mega08,24,tokens_SLM_mega08 (1).csv
375,mega08,25,tokens_SLM_mega08 (1).csv
376,mega08,26,tokens_SLM_mega08 (1).csv
377,mega08,27,tokens_SLM_mega08 (1).csv
378,mega08,28,tokens_SLM_mega08 (1).csv
379,mega08,29,tokens_SLM_mega08 (1).csv
380,mega08,30,tokens_SLM_mega08 (1).csv
381,mega08,31,tokens_SLM_mega08 (1).csv
382,mega08,32,tokens_SLM_mega08 (1).csv
383,mega08,33,tokens_SLM_mega08 (1).csv
384,mega08,34,tokens_SLM_mega08 (1).csv
385,mega08,35,tokens_SLM_mega08 (1).csv
386,mega08,36,tokens_SLM_mega08 (1).csv
387,mega08,37,tokens_SLM_mega08 (1).csv
388,mega08,38,tokens_SLM_mega08 (1).csv
389,mega08,39,tokens_SLM_mega08 (1).csv
390,mega08,40,tokens_SLM_mega08 (1).csv
391,mega08,41,tokens_SLM_mega08 (1).csv
392,mega08,42,tokens_SLM_mega08 (1).csv
393,mega08,43,tokens_SLM_mega08 (1).csv
394,mega08,44,tokens_SLM_mega08 (1).csv
395,mega08,45,tokens_SLM_mega08 (1).csv
396,mega08,46,tokens_SLM_mega08 (1).csv
397,mega08,47,tokens_SLM_mega08 (1).csv
398,mega08,48,tokens_SLM_mega08 (1).csv
399,mega08,49,tokens_SLM_mega08 (1).csv
400,mega08,50,tokens_SLM_mega08 (1).csv
401,mega08,51,tokens_SLM_mega08 (1).csv
402,mega08,52,tokens_SLM_mega08 (1).csv
403,mega08,53,tokens_SLM_mega08 (1).csv
404,mega08,54,tokens_SLM_mega08 (1).csv
405,mega08,55,tokens_SLM_mega08 (1).csv
406,mega08,56,tokens_SLM_mega08 (1).csv
407,mega08,57,tokens_SLM_mega08 (1).csv
408,mega09,1,tokens_SLM_mega09 (1).csv
409,mega09,2,tokens_SLM_mega09 (1).csv
410,mega09,3,tokens_SLM_mega09 (1).csv
411,mega09,4,tokens_SLM_mega09 (1).csv
412,mega09,5,tokens_SLM_mega09 (1).csv
413,mega09,6,tokens_SLM_mega09 (1).csv
414,mega09,7,tokens_SLM_mega09 (1).csv
415,mega09,8,tokens_SLM_mega09 (1).csv
416,mega09,9,tokens_SLM_mega09 (1).csv
417,mega09,10,tokens_SLM_mega09 (1).csv
418,mega09,11,tokens_SLM_mega09 (1).csv
419,mega09,12,tokens_SLM_mega09 (1).csv
420,mega09,13,tokens_SLM_mega09 (1).csv
421,mega09,14,tokens_SLM_mega09 (1).csv
422,mega09,15,tokens_SLM_mega09 (1).csv
423,mega09,16,tokens_SLM_mega09 (1).csv
424,mega09,17,tokens_SLM_mega09 (1).csv
425,mega09,18,tokens_SLM_mega09 (1).csv
426,mega09,19,tokens_SLM_mega09 (1).csv
427,mega09,20,tokens_SLM_mega09 (1).csv
428,mega09,21,tokens_SLM_mega09 (1).csv
429,mega09,22,tokens_SLM_mega09 (1).csv
430,mega09,23,tokens_SLM_mega09 (1).csv
431,mega09,24,tokens_SLM_mega09 (1).csv
432,mega09,25,tokens_SLM_mega09 (1).csv
433,mega09,26,tokens_SLM_mega09 (1).csv
434,mega09,27,tokens_SLM_mega09 (1).csv
435,mega09,28,tokens_SLM_mega09 (1).csv
436,mega09,29,tokens_SLM_mega09 (1).csv
437,mega09,30,tokens_SLM_mega09 (1).csv
438,mega09,31,tokens_SLM_mega09 (1).csv
439,mega09,32,tokens_SLM_mega09 (1).csv
440,mega09,33,tokens_SLM_mega09 (1).csv
441,mega09,34,tokens_SLM_mega09 (1).csv
442,mega09,35,tokens_SLM_mega09 (1).csv
443,mega09,36,tokens_SLM_mega09 (1).csv
444,mega09,37,tokens_SLM_mega09 (1).csv
445,mega09,38,tokens_SLM_mega09 (1).csv
446,mega09,39,tokens_SLM_mega09 (1).csv
447,mega09,40,tokens_SLM_mega09 (1).csv
448,mega09,41,tokens_SLM_mega09 (1).csv
449,mega09,42,tokens_SLM_mega09 (1).csv
450,mega09,43,tokens_SLM_mega09 (1).csv
451,mega09,44,tokens_SLM_mega09 (1).csv
452,mega09,45,tokens_SLM_mega09 (1).csv
453,mega09,46,tokens_SLM_mega09 (1).csv
454,mega09,47,tokens_SLM_mega09 (1).csv
455,mega09,48,tokens_SLM_mega09 (1).csv
456,mega09,49,tokens_SLM_mega09 (1).csv
457,mega09,50,tokens_SLM_mega09 (1).csv
458,mega09,51,tokens_SLM_mega09 (1).csv
459,mega09,52,tokens_SLM_mega09 (1).csv
460,mega09,53,tokens_SLM_mega09 (1).csv
461,mega09,54,tokens_SLM_mega09 (1).csv
462,mega09,55,tokens_SLM_mega09 (1).csv
463,mega10,1,tokens_SLM_mega10 (1).csv
464,mega10,2,tokens_SLM_mega10 (1).csv
465,mega10,3,tokens_SLM_mega10 (1).csv
466,mega10,4,tokens_SLM_mega10 (1).csv
467,mega10,5,tokens_SLM_mega10 (1).csv
468,mega10,6,tokens_SLM_mega10 (1).csv
469,mega10,7,tokens_SLM_mega10 (1).csv
470,mega10,8,tokens_SLM_mega10 (1).csv
471,mega10,9,tokens_SLM_mega10 (1).csv
472,mega10,10,tokens_SLM_mega10 (1).csv
473,mega10,11,tokens_SLM_mega10 (1).csv
474,mega10,12,tokens_SLM_mega10 (1).csv
475,mega10,13,tokens_SLM_mega10 (1).csv
476,mega10,14,tokens_SLM_mega10 (1).csv
477,mega10,15,tokens_SLM_mega10 (1).csv
478,mega10,16,tokens_SLM_mega10 (1).csv
479,mega10,17,tokens_SLM_mega10 (1).csv
480,mega10,18,tokens_SLM_mega10 (1).csv
481,mega10,19,tokens_SLM_mega10 (1).csv
482,mega10,20,tokens_SLM_mega10 (1).csv
483,mega10,21,tokens_SLM_mega10 (1).csv
484,mega10,22,tokens_SLM_mega10 (1).csv
485,mega10,23,tokens_SLM_mega10 (1).csv
486,mega10,24,tokens_SLM_mega10 (1).csv
487,mega10,25,tokens_SLM_mega10 (1).csv
488,mega10,26,tokens_SLM_mega10 (1).csv
489,mega10,27,tokens_SLM_mega10 (1).csv
490,mega10,28,tokens_SLM_mega10 (1).csv
491,mega10,29,tokens_SLM_mega10 (1).csv
492,mega10,30,tokens_SLM_mega10 (1).csv
493,mega10,31,tokens_SLM_mega10 (1).csv
494,mega10,32,tokens_SLM_mega10 (1).csv
495,mega10,33,tokens_SLM_mega10 (1).csv
496,mega10,34,tokens_SLM_mega10 (1).csv
497,mega10,35,tokens_SLM_mega10 (1).csv
498,mega10,36,tokens_SLM_mega10 (1).csv
499,mega10,37,tokens_SLM_mega10 (1).csv
500,mega10,38,tokens_SLM_mega10 (1).csv
501,mega10,39,tokens_SLM_mega10 (1).csv
502,mega10,40,tokens_SLM_mega10 (1).csv
503,mega10,41,tokens_SLM_mega10 (1).csv
504,mega10,42,tokens_SLM_mega10 (1).csv
505,mega10,43,tokens_SLM_mega10 (1).csv
506,mega10,44,tokens_SLM_mega10 (1).csv
507,mega10,45,tokens_SLM_mega10 (1).csv
508,mega10,46,tokens_SLM_mega10 (1).csv
509,mega10,47,tokens_SLM_mega10 (1).csv
510,mega10,48,tokens_SLM_mega10 (1).csv
511,mega10,49,tokens_SLM_mega10 (1).csv
512,mega10,50,tokens_SLM_mega10 (1).csv
513,mega10,51,tokens_SLM_mega10 (1).csv
514,mega10,52,tokens_SLM_mega10 (1).csv
515,mega10,53,tokens_SLM_mega10 (1).csv
516,mega11,1,tokens_SLM_mega11 (1).csv
517,mega11,2,tokens_SLM_mega11 (1).csv
518,mega11,3,tokens_SLM_mega11 (1).csv
519,mega11,4,tokens_SLM_mega11 (1).csv
520,mega11,5,tokens_SLM_mega11 (1).csv
521,mega11,6,tokens_SLM_mega11 (1).csv
522,mega11,7,tokens_SLM_mega11 (1).csv
523,mega11,8,tokens_SLM_mega11 (1).csv
524,mega11,9,tokens_SLM_mega11 (1).csv
525,mega11,10,tokens_SLM_mega11 (1).csv
526,mega11,11,tokens_SLM_mega11 (1).csv
527,mega11,12,tokens_SLM_mega11 (1).csv
528,mega11,13,tokens_SLM_mega11 (1).csv
529,mega11,14,tokens_SLM_mega11 (1).csv
530,mega11,15,tokens_SLM_mega11 (1).csv
531,mega11,16,tokens_SLM_mega11 (1).csv
532,mega11,17,tokens_SLM_mega11 (1).csv
533,mega11,18,tokens_SLM_mega11 (1).csv
534,mega11,19,tokens_SLM_mega11 (1).csv
535,mega11,20,tokens_SLM_mega11 (1).csv
536,mega11,21,tokens_SLM_mega11 (1).csv
537,mega11,22,tokens_SLM_mega11 (1).csv
538,mega11,23,tokens_SLM_mega11 (1).csv
539,mega11,24,tokens_SLM_mega11 (1).csv
540,mega11,25,tokens_SLM_mega11 (1).csv
541,mega11,26,tokens_SLM_mega11 (1).csv
542,mega11,27,tokens_SLM_mega11 (1).csv
543,mega11,28,tokens_SLM_mega11 (1).csv
544,mega11,29,tokens_SLM_mega11 (1).csv
545,mega11,30,tokens_SLM_mega11 (1).csv
546,mega11,31,tokens_SLM_mega11 (1).csv
547,mega11,32,tokens_SLM_mega11 (1).csv
548,mega11,33,tokens_SLM_mega11 (1).csv
549,mega11,34,tokens_SLM_mega11 (1).csv
550,mega11,35,tokens_SLM_mega11 (1).csv
551,mega11,36,tokens_SLM_mega11 (1).csv
552,mega11,37,tokens_SLM_mega11 (1).csv
553,mega11,38,tokens_SLM_mega11 (1).csv
554,mega11,39,tokens_SLM_mega11 (1).csv
555,mega11,40,tokens_SLM_mega11 (1).csv
556,mega11,41,tokens_SLM_mega11 (1).csv
557,mega11,42,tokens_SLM_mega11 (1).csv
558,mega11,43,tokens_SLM_mega11 (1).csv
559,mega11,44,tokens_SLM_mega11 (1).csv
560,mega11,45,tokens_SLM_mega11 (1).csv
561,mega11,46,tokens_SLM_mega11 (1).csv
562,mega11,47,tokens_SLM_mega11 (1).csv
563,mega11,48,tokens_SLM_mega11 (1).csv
564,mega11,49,tokens_SLM_mega11 (1).csv
565,mega11,50,tokens_SLM_mega11 (1).csv
566,mega11,51,tokens_SLM_mega11 (1).csv
567,mega12,1,tokens_SLM_mega12 (1).csv
568,mega12,2,tokens_SLM_mega12 (1).csv
569,mega12,3,tokens_SLM_mega12 (1).csv
570,mega12,4,tokens_SLM_mega12 (1).csv
571,mega12,5,tokens_SLM_mega12 (1).csv
572,mega12,6,tokens_SLM_mega12 (1).csv
573,mega12,7,tokens_SLM_mega12 (1).csv
574,mega12,8,tokens_SLM_mega12 (1).csv
575,mega12,9,tokens_SLM_mega12 (1).csv
576,mega12,10,tokens_SLM_mega12 (1).csv
577,mega12,11,tokens_SLM_mega12 (1).csv
578,mega12,12,tokens_SLM_mega12 (1).csv
579,mega12,13,tokens_SLM_mega12 (1).csv
580,mega12,14,tokens_SLM_mega12 (1).csv
581,mega12,15,tokens_SLM_mega12 (1).csv
582,mega12,16,tokens_SLM_mega12 (1).csv
583,mega12,17,tokens_SLM_mega12 (1).csv
584,mega12,18,tokens_SLM_mega12 (1).csv
585,mega12,19,tokens_SLM_mega12 (1).csv
586,mega12,20,tokens_SLM_mega12 (1).csv
587,mega12,21,tokens_SLM_mega12 (1).csv
588,mega12,22,tokens_SLM_mega12 (1).csv
589,mega12,23,tokens_SLM_mega12 (1).csv
590,mega12,24,tokens_SLM_mega12 (1).csv
591,mega12,25,tokens_SLM_mega12 (1).csv
592,mega12,26,tokens_SLM_mega12 (1).csv
593,mega12,27,tokens_SLM_mega12 (1).csv
594,mega12,28,tokens_SLM_mega12 (1).csv
595,mega12,29,tokens_SLM_mega12 (1).csv
596,mega12,30,tokens_SLM_mega12 (1).csv
597,mega12,31,tokens_SLM_mega12 (1).csv
598,mega12,32,tokens_SLM_mega12 (1).csv
599,mega12,33,tokens_SLM_mega12 (1).csv
600,mega12,34,tokens_SLM_mega12 (1).csv
601,mega12,35,tokens_SLM_mega12 (1).csv
602,mega12,36,tokens_SLM_mega12 (1).csv
603,mega12,37,tokens_SLM_mega12 (1).csv
604,mega12,38,tokens_SLM_mega12 (1).csv
605,mega12,39,tokens_SLM_mega12 (1).csv
606,mega12,40,tokens_SLM_mega12 (1).csv
607,mega12,41,tokens_SLM_mega12 (1).csv
608,mega12,42,tokens_SLM_mega12 (1).csv
609,mega12,43,tokens_SLM_mega12 (1).csv
610,mega12,44,tokens_SLM_mega12 (1).csv
611,mega12,45,tokens_SLM_mega12 (1).csv
612,mega12,46,tokens_SLM_mega12 (1).csv
613,mega12,47,tokens_SLM_mega12 (1).csv
614,mega12,48,tokens_SLM_mega12 (1).csv
615,mega12,49,tokens_SLM_mega12 (1).csv
616,mega12,50,tokens_SLM_mega12 (1).csv
617,mega12,51,tokens_SLM_mega12 (1).csv
618,mega12,52,tokens_SLM_mega12 (1).csv
619,mega12,53,tokens_SLM_mega12 (1).csv
620,mega12,54,tokens_SLM_mega12 (1).csv
621,mega12,55,tokens_SLM_mega12 (1).csv
622,mega12,56,tokens_SLM_mega12 (1).csv
623,mega13,1,tokens_SLM_mega13 (1).csv
624,mega13,2,tokens_SLM_mega13 (1).csv
625,mega13,3,tokens_SLM_mega13 (1).csv
626,mega13,4,tokens_SLM_mega13 (1).csv
627,mega13,5,tokens_SLM_mega13 (1).csv
628,mega13,6,tokens_SLM_mega13 (1).csv
629,mega13,7,tokens_SLM_mega13 (1).csv
630,mega13,8,tokens_SLM_mega13 (1).csv
631,mega13,9,tokens_SLM_mega13 (1).csv
632,mega13,10,tokens_SLM_mega13 (1).csv
633,mega13,11,tokens_SLM_mega13 (1).csv
634,mega13,12,tokens_SLM_mega13 (1).csv
635,mega13,13,tokens_SLM_mega13 (1).csv
636,mega13,14,tokens_SLM_mega13 (1).csv
637,mega13,15,tokens_SLM_mega13 (1).csv
638,mega13,16,tokens_SLM_mega13 (1).csv
639,mega13,17,tokens_SLM_mega13 (1).csv
640,mega13,18,tokens_SLM_mega13 (1).csv
641,mega13,19,tokens_SLM_mega13 (1).csv
642,mega13,20,tokens_SLM_mega13 (1).csv
643,mega13,21,tokens_SLM_mega13 (1).csv
644,mega13,22,tokens_SLM_mega13 (1).csv
645,mega13,23,tokens_SLM_mega13 (1).csv
646,mega13,24,tokens_SLM_mega13 (1).csv
647,mega13,25,tokens_SLM_mega13 (1).csv
648,mega13,26,tokens_SLM_mega13 (1).csv
649,mega13,27,tokens_SLM_mega13 (1).csv
650,mega13,28,tokens_SLM_mega13 (1).csv
651,mega13,29,tokens_SLM_mega13 (1).csv
652,mega13,30,tokens_SLM_mega13 (1).csv
653,mega13,31,tokens_SLM_mega13 (1).csv
654,mega13,32,tokens_SLM_mega13 (1).csv
655,mega13,33,tokens_SLM_mega13 (1).csv
656,mega13,34,tokens_SLM_mega13 (1).csv
657,mega13,35,tokens_SLM_mega13 (1).csv
658,mega13,36,tokens_SLM_mega13 (1).csv
659,mega13,37,tokens_SLM_mega13 (1).csv
660,mega13,38,tokens_SLM_mega13 (1).csv
661,mega13,39,tokens_SLM_mega13 (1).csv
662,mega13,40,tokens_SLM_mega13 (1).csv
663,mega13,41,tokens_SLM_mega13 (1).csv
664,mega13,42,tokens_SLM_mega13 (1).csv
665,mega13,43,tokens_SLM_mega13 (1).csv
666,mega13,44,tokens_SLM_mega13 (1).csv
667,mega13,45,tokens_SLM_mega13 (1).csv
668,mega13,46,tokens_SLM_mega13 (1).csv
669,mega13,47,tokens_SLM_mega13 (1).csv
670,mega13,48,tokens_SLM_mega13 (1).csv
671,mega13,49,tokens_SLM_mega13 (1).csv
672,mega13,50,tokens_SLM_mega13 (1).csv
673,mega13,51,tokens_SLM_mega13 (1).csv
674,mega13,52,tokens_SLM_mega13 (1).csv
675,mega13,53,tokens_SLM_mega13 (1).csv
676,mega13,54,tokens_SLM_mega13 (1).csv
677,mega13,55,tokens_SLM_mega13 (1).csv
678,mega13,56,tokens_SLM_mega13 (1).csv
